{
  "version": "1.0.0",
  "profiles": {
    "golden-navbar": {
      "name": "Navbar Dorata",
      "description": "Profilo con navbar dorata e colori caldi senza gradienti",
      "colors": {
        "primary": {
          "gold": "#ffd700",
          "goldDark": "#f6c401",
          "bordeaux": "#ab0031"
        },
        "secondary": {
          "navy": "#1B263B",
          "amaranth": "#9B1D64",
          "cream": "#FEFCF6"
        },
        "neutral": {
          "white": "#FFFFFF",
          "black": "#0A0E14",
          "gray50": "#F9FAFB",
          "gray100": "#F3F4F6",
          "gray200": "#E5E7EB",
          "gray300": "#D1D5DB",
          "gray700": "#374151",
          "gray800": "#1F2937",
          "gray900": "#111827"
        },
        "shadows": {
          "gold": "0 10px 30px rgba(255, 215, 0, 0.3)",
          "bordeaux": "0 8px 25px rgba(171, 0, 49, 0.25)"
        },
        "ui": {
          "navbarBg": "#ffd700",
          "navbarText": "#1B263B",
          "navbarHover": "#f6c401",
          "heroBg": "#ab0031",
          "heroText": "#FFFFFF",
          "footerBg": "#1B263B",
          "footerText": "#FFFFFF",
          "button": "#ab0031",
          "buttonText": "#FFFFFF",
          "buttonHover": "#8b002a",
          "accent": "#f6c401",
          "highlight": "#ffd700"
        }
      }
    },
    "motoclub-warm": {
      "name": "Moto Club Warm",
      "description": "Profilo caldo con oro e bordeaux dal logo ufficiale",
      "colors": {
        "primary": {
          "gold": "#ffd700",
          "goldDark": "#f6c401",
          "bordeaux": "#ab0031"
        },
        "secondary": {
          "navy": "#1B263B",
          "amaranth": "#9B1D64",
          "cream": "#FEFCF6"
        },
        "neutral": {
          "white": "#FFFFFF",
          "black": "#0A0E14",
          "gray50": "#F9FAFB",
          "gray100": "#F3F4F6",
          "gray200": "#E5E7EB",
          "gray300": "#D1D5DB",
          "gray700": "#374151",
          "gray800": "#1F2937",
          "gray900": "#111827"
        },
        "gradients": {
          "primary": "linear-gradient(135deg, #ab0031 0%, #f6c401 50%, #ffd700 100%)",
          "hero": "linear-gradient(135deg, rgba(171, 0, 49, 0.95) 0%, rgba(246, 196, 1, 0.85) 50%, rgba(255, 215, 0, 0.75) 100%)",
          "card": "linear-gradient(145deg, rgba(171, 0, 49, 0.6) 0%, rgba(246, 196, 1, 0.4) 100%)",
          "navbar": "linear-gradient(135deg, rgba(171, 0, 49, 0.95) 0%, rgba(27, 38, 59, 0.95) 100%)"
        },
        "shadows": {
          "gold": "0 10px 30px rgba(255, 215, 0, 0.3)",
          "bordeaux": "0 8px 25px rgba(171, 0, 49, 0.25)"
        },
        "ui": {
          "navbar": "#ffd700",
          "navbarHover": "#f6c401",
          "button": "#ab0031",
          "buttonHover": "#8b002a",
          "accent": "#f6c401",
          "highlight": "#ffd700"
        }
      }
    },
    "classic": {
      "name": "Classic Original",
      "description": "Profilo originale con colori classici",
      "colors": {
        "primary": {
          "gold": "#D4AF37",
          "goldDark": "#B8941F",
          "bordeaux": "#9B1D64"
        },
        "secondary": {
          "navy": "#1B263B",
          "amaranth": "#9B1D64",
          "cream": "#FEFCF6"
        },
        "neutral": {
          "white": "#FFFFFF",
          "black": "#0A0E14",
          "gray50": "#F9FAFB",
          "gray100": "#F3F4F6",
          "gray200": "#E5E7EB",
          "gray300": "#D1D5DB",
          "gray700": "#374151",
          "gray800": "#1F2937",
          "gray900": "#111827"
        },
        "gradients": {
          "primary": "linear-gradient(135deg, #1B263B 0%, #9B1D64 50%, #D4AF37 100%)",
          "hero": "linear-gradient(135deg, rgba(27, 38, 59, 0.95) 0%, rgba(155, 29, 100, 0.85) 50%, rgba(212, 175, 55, 0.75) 100%)",
          "card": "linear-gradient(145deg, rgba(27, 38, 59, 0.6) 0%, rgba(155, 29, 100, 0.4) 100%)",
          "navbar": "linear-gradient(135deg, rgba(27, 38, 59, 0.95) 0%, rgba(155, 29, 100, 0.95) 100%)"
        },
        "shadows": {
          "gold": "0 10px 30px rgba(212, 175, 55, 0.3)",
          "bordeaux": "0 8px 25px rgba(155, 29, 100, 0.25)"
        },
        "ui": {
          "navbar": "#D4AF37",
          "navbarHover": "#B8941F",
          "button": "#9B1D64",
          "buttonHover": "#7A164F",
          "accent": "#D4AF37",
          "highlight": "#9B1D64"
        }
      }
    }
  },
  "active": "golden-navbar"
}
